query_id,article_id,original_title,paraphrase,label_name,subject,gold_chunk_ids,gold_article_ids,n_gold_chunks
para-41547,41547,OOPS! New App Allows Users To Remain ANONYMOUS…Defies Liberal Media Narrative…Shows TRUMP Winning BIG Over Crooked Hillary,new app allows users remain anonymous defies liberal media narrative shows trump winning big regarding crooked hillary,fake,left-news,41547:0|41547:1|41547:2,41547,3
para-10653,10653,Puerto Rico needs restructuring to avoid cascading defaults: Treasury,puerto rico requires restructuring avoid cascading defaults,true,politicsNews,10653:0|10653:1|10653:2|10653:3|10653:4|10653:5|10653:6,10653,7
para-4308,4308,Tillerson faces tough talks in Moscow amid increased tensions,tillerson confronts tough discussions moscow during increased tensions,true,politicsNews,4308:0|4308:1|4308:2|4308:3|4308:4|4308:5|4308:6|4308:7|4308:8,4308,9
para-28458,28458,"Hillary Responds To Bernie Calling Her Unqualified, And It’s Kinda Perfect","hillary responds bernie calling her unqualified, it s kinda perfect",fake,News,28458:0|28458:1|28458:2|28458:3,28458,4
para-6931,6931,China lodges protest after Trump call with Taiwan president,china lodges protest following trump call with taiwan president,true,politicsNews,6931:0|6931:1|6931:2|6931:3|6931:4|6931:5|6931:6|6931:7|6931:8,6931,9
para-21667,21667,Internet Collectively Cringes After Photographer Snaps Pic Of Trump’s Nutsack,internet collectively cringes following photographer snaps pic trump s nutsack,fake,News,21667:0|21667:1|21667:2,21667,3
para-28950,28950,Trump Supporter Disgustingly Tells Black People To ‘Go Back To Africa’ (VIDEO),trump supporter disgustingly tells black people go back africa,fake,News,28950:0|28950:1,28950,2
para-3497,3497,World risks four-year legal grey zone if Trump quits climate pact,What happened with world risks four-year legal grey zone if trump quits climate pact,true,politicsNews,3497:0|3497:1|3497:2|3497:3|3497:4|3497:5,3497,6
para-32405,32405,"WATCH TUCKER CARLSON’S Heated Debate With Delusional Illegal Activist: “I am here illegally . . . But I, as a person, am not illegal.” [Video]","tucker carlson s heated debate with delusional illegal activist: i am here illegally . . . but i, as person, am not illegal",fake,politics,32405:0|32405:1|32405:2|32405:3,32405,4
para-38069,38069,WOMAN CRIES After Seeing How Easily Our Votes Are Stolen By Electronic Voting Machines [VIDEO],woman cries following seeing how easily our votes are stolen by electronic voting machines,fake,Government News,38069:0,38069,1
para-40289,40289,WATCH SUSAN RICE Lie About Spying On Trump: “I know nothing about this”…White House Computer Logs Say She’s Lying! [Video],susan rice lie about spying trump: i know nothing about this white house computer logs say she s lying,fake,left-news,40289:0|40289:1,40289,2
para-7461,7461,"UK PM may says looks forward to working with Trump, building ties","uk pm may states looks forward working with trump, building ties",true,politicsNews,7461:0,7461,1
para-19324,19324,Ireland says 'lot of work' needed to move to next phase of Brexit talks,ireland states 'lot work' needed move next phase brexit discussions,true,worldnews,19324:0|19324:1,19324,2
para-35507,35507,“RACIST” President Jackson To Be Replaced With Black Female Representing “Struggle For Racial Equality” On $20 Bill,racist president jackson be replaced with black female representing struggle racial equality $20 bill,fake,politics,35507:0|35507:1|35507:2|35507:3|35507:4|35507:5|35507:6,35507,7
para-32756,32756,RAND PAUL: SOMEBODY WAS SPYING On Trump Campaign…It’s “already been proven to be true” [VIDEO],rand paul: somebody was spying trump campaign it s already been proven be true,fake,politics,32756:0|32756:1,32756,2
para-4221,4221,Japan sees new era of cooperation with U.S.: minister,japan observes new era cooperation with u.s,true,politicsNews,4221:0|4221:1,4221,2
para-30574,30574,FORMER DNC AIDES In Hot Water Over Possible Money Laundering Scheme to Fund Terrorism Overseas,former dnc aides hot water regarding possible money laundering scheme fund terrorism overseas,fake,politics,30574:0|30574:1|30574:2|30574:3|30574:4|30574:5,30574,6
para-37279,37279,OBAMA’S OPEN BORDER POLICY COMES WITH SERIOUS NATIONAL SECURITY CONSEQUENCES: Iraqi Military Trainer Caught Crossing US-Mexico Border,Reports concerning obama s open border policy comes with serious national security consequences: iraqi military trainer caught crossing us-mexico border,fake,politics,37279:0|37279:1|37279:2|37279:3,37279,4
para-41975,41975,“FLUSH TARGET” Truck Will Travel To Every Store In MN Delivering A Serious Message: “I don’t feel safe at Target…” [VIDEO],flush target truck will travel every store mn delivering serious message: i don t feel safe at target,fake,left-news,41975:0|41975:1,41975,2
para-10203,10203,Republicans criticize partisan divide at FCC,What happened with republicans criticize partisan divide at fcc,true,politicsNews,10203:0|10203:1|10203:2|10203:3,10203,4
para-41354,41354,YIKES! Tomi Lahren DEMOLISHES Hillary: “How Dare You Blame Donald Trump…EXCUSE ME?…Did 4 Americans Die On His Watch In Benghazi? [VIDEO],yikes tomi lahren demolishes hillary: how dare you blame donald trump excuse me did 4 americans die his watch benghazi,fake,left-news,41354:0,41354,1
para-4996,4996,Trump aides attack agency that will analyze health bill's costs,Coverage of trump aides attack agency that will analyze health bill's costs,true,politicsNews,4996:0|4996:1|4996:2|4996:3|4996:4|4996:5|4996:6|4996:7,4996,8
para-13996,13996,Ousted Zimbabwe finance minister hospitalized: lawyer,Reports concerning ousted zimbabwe finance minister hospitalized: lawyer,true,worldnews,13996:0,13996,1
para-6352,6352,Exclusive: U.S. congressional committee demands answers on WHO cancer agency,u.s. congressional committee demands answers who cancer agency,true,politicsNews,6352:0|6352:1|6352:2|6352:3|6352:4,6352,5
para-16981,16981,Germany says worried about new generation of Islamic State recruits,germany states worried about new generation islamic state recruits,true,worldnews,16981:0|16981:1,16981,2
para-9075,9075,Trump says U.S. should mull more racial profiling after Orlando shooting,trump states u.s. should mull more racial profiling following orlando shooting,true,politicsNews,9075:0|9075:1|9075:2|9075:3|9075:4,9075,5
para-2990,2990,House overwhelmingly backs NATO mutual defense,What happened with house overwhelmingly backs nato mutual defense,true,politicsNews,2990:0|2990:1|2990:2,2990,3
para-6273,6273,Trump's U.N. nominee to blast world body over Israel: testimony,trump's u.n. nominee blast world body regarding israel: testimony,true,politicsNews,6273:0|6273:1|6273:2,6273,3
para-12539,12539,Iran will treat jailed aid worker as Iranian citizen: foreign ministry,What happened with iran will treat jailed aid worker as iranian citizen: foreign ministry,true,worldnews,12539:0|12539:1|12539:2|12539:3,12539,4
para-26235,26235,"Trump’s Immigration Speech After Mexico Visit FILLED With Lies, Deceit, And Racism","trump s immigration speech following mexico visit filled with lies, deceit, racism",fake,News,26235:0|26235:1|26235:2|26235:3|26235:4|26235:5|26235:6,26235,7
para-15290,15290,"SpaceX to launch Turkish satellites, minister says","spacex launch turkish satellites, minister states",true,worldnews,15290:0|15290:1,15290,2
para-40547,40547,HOLY MOLY! TRUMP GIVES EPIC News Conference…SLAYS PRESS…Dresses Down CNN…”Your Ratings Are Lower Than Congress…Network Is All About “Hate” [VIDEO],holy moly trump gives epic news conference slays press dresses down cnn your ratings are lower than congress network is all about hate,fake,left-news,40547:0|40547:1|40547:2,40547,3
para-33800,33800,DONALD TRUMP DITCHES THE PRESS To Do Something Really Fun…And Normal,donald trump ditches press do something really fun normal,fake,politics,33800:0,33800,1
para-36680,36680,TRUMP AND CRUZ ANNOUNCE A JOINT RALLY TO PROTEST THE IRAN DEAL,trump cruz announce joint rally protest iran agreement,fake,politics,36680:0|36680:1,36680,2
para-28172,28172,What This Trump Company Did To A Veteran Will Disgust You,what this trump company did veteran will disgust you,fake,News,28172:0|28172:1|28172:2,28172,3
para-21009,21009,Indian and Chinese defense forces must maintain cooperation: Indian Foreign Secretary,indian chinese defense forces must maintain cooperation: indian foreign secretary,true,worldnews,21009:0,21009,1
para-40462,40462,"WATCH: G.W. BUSH Gushes Over Kimmel’s Anti-Trump Oscar’s Monologue…Refused To Speak Out Against Obama, It’s Not “good for the country to have a former president undermine a current president”","g.w. bush gushes regarding kimmel s anti-trump oscar s monologue refused speak out versus obama, it s not good country have former president undermine current president",fake,left-news,40462:0|40462:1|40462:2,40462,3
para-40827,40827,OHIO ELECTOR TORCHES Anti-Trump Letters He Received From Crybaby Liberals [Video],ohio elector torches anti-trump letters he received from crybaby liberals,fake,left-news,40827:0,40827,1
para-21638,21638,Tiffany Trump Is Sad As Hell After Whole Family Completely Forgot Her Birthday,tiffany trump is sad as hell following whole family completely forgot her birthday,fake,News,21638:0|21638:1|21638:2,21638,3
para-27388,27388,"A Monkey Knocked Out Kenya’s Power Grid, So Conservatives Called Obama a N***** (SCREENSHOTS)","monkey knocked out kenya s power grid, so conservatives called obama n***** (screenshots)",fake,News,27388:0|27388:1|27388:2,27388,3
para-12696,12696,"Despite furor over Jerusalem move, Saudis seen on board with U.S. peace efforts","despite furor regarding jerusalem move, saudis seen board with u.s. peace efforts",true,worldnews,12696:0|12696:1|12696:2|12696:3|12696:4|12696:5|12696:6|12696:7|12696:8|12696:9|12696:10,12696,11
para-32951,32951,HORRIBLE! TOP DEMOCRATS Refuse To Stand For Gold Star Widow [Video],horrible top democrats refuse stand gold star widow,fake,politics,32951:0|32951:1,32951,2
para-12887,12887,China criticises India over crashed drone on border,china criticises india regarding crashed drone border,true,worldnews,12887:0|12887:1|12887:2|12887:3,12887,4
para-33396,33396,"OBAMA’S Mexico Gun-Running, Race-Baiting, Former Attorney General Hired By State Of CA To Help Fight Against Trump","obama s mexico gun-running, race-baiting, former attorney general hired by state ca help fight versus trump",fake,politics,33396:0|33396:1|33396:2|33396:3|33396:4|33396:5|33396:6,33396,7
para-6276,6276,Schumer to Trump: Don't fire U.S. consumer agency's head,schumer trump: don't fire u.s. consumer agency's head,true,politicsNews,6276:0|6276:1|6276:2|6276:3,6276,4
para-22885,22885,KKK Style Mob Chants “Russia Is Our Friend” While Protesting Confederate Statue Removal (VIDEO),kkk style mob chants russia is our friend while protesting confederate statue removal,fake,News,22885:0|22885:1|22885:2,22885,3
para-24270,24270,Protest Group Puts GIANT Sign On Crane Next To White House; Trump’s Gonna Lose His Mind (IMAGE),protest group puts giant sign crane next white house; trump s gonna lose his mind,fake,News,24270:0|24270:1,24270,2
para-17407,17407,"Macron urges the French to value success, rejects 'president of rich' tag","macron calls on french value success, rejects 'president rich' tag",true,worldnews,17407:0|17407:1|17407:2|17407:3|17407:4|17407:5,17407,6
para-30684,30684,JUST IN: UK LEADER Who Criticized President Trump For Tweeting About ISLAMIC EXTREMISTS Is Victim Of Assassination Plot By ISLAMIC EXTREMISTS,just in: uk leader who criticized president trump tweeting about islamic extremists is victim assassination plot by islamic extremists,fake,politics,30684:0|30684:1|30684:2|30684:3|30684:4|30684:5,30684,6
para-22517,22517,WATCH: Joy Reid OWNS Trump In Less Than 30 Seconds For Claiming To Be More Popular Than Obama,joy reid owns trump less than 30 seconds claiming be more popular than obama,fake,News,22517:0|22517:1|22517:2|22517:3|22517:4,22517,5
para-26999,26999,Potential Trump VP Picks Running Away From Him In DROVES,potential trump vp picks running away from him droves,fake,News,26999:0|26999:1|26999:2|26999:3,26999,4
para-40107,40107,BOMBSHELL COMEY ADMISSION: FBI Found Email Indicating Obama’s AG Loretta Lynch Would Do EVERYTHING She Could To Protect Hillary From Criminal Charges [VIDEO],bombshell comey admission: fbi found email indicating obama s ag loretta lynch would do everything she could protect hillary from criminal charges,fake,left-news,40107:0|40107:1|40107:2,40107,3
para-11159,11159,U.S. immigration case could set limits on presidential power,u.s. immigration case could set limits presidential power,true,politicsNews,11159:0|11159:1|11159:2|11159:3|11159:4|11159:5|11159:6,11159,7
para-17269,17269,'Vanishing village' looks to Japan's LDP for survival,'vanishing village' looks japan's ldp survival,true,worldnews,17269:0|17269:1|17269:2|17269:3|17269:4|17269:5|17269:6|17269:7,17269,8
para-24906,24906,"New Poll Shows How Batsh** CRAZY Trump Fans Are, Gives Them A BRUTAL Reality Check (IMAGES)","new survey shows how batsh** crazy trump fans are, gives them brutal reality check",fake,News,24906:0|24906:1|24906:2|24906:3,24906,4
para-20144,20144,Region must do more to pressure South Sudan leaders to end conflict: U.S. diplomat,region must do more pressure south sudan leaders end conflict: u.s. diplomat,true,worldnews,20144:0|20144:1|20144:2|20144:3,20144,4
para-40320,40320,FORMER OBAMA SPOKESLIAR To Join NBC As Paid Fake News Host…We’ve Got A Few Clips Of His Best Lies To The Press [VIDEO],former obama spokesliar join nbc as paid fake news host we ve got few clips his best lies press,fake,left-news,40320:0|40320:1|40320:2,40320,3
para-37005,37005,MARCO RUBIO IS CALLED IRRESPONSIBLE FOR BUYING A FISHING BOAT…Hillary Buys A Mansion In NY To Run For Senate…Crickets,marco rubio is called irresponsible buying fishing boat hillary buys mansion ny run senate crickets,fake,politics,37005:0|37005:1|37005:2|37005:3|37005:4,37005,5
para-23000,23000,FDA Department Gets Order From White House Saying All Office TVs Must Be Programmed To Fox News Only,fda department gets order from white house saying all office tvs must be programmed fox news only,fake,News,23000:0|23000:1|23000:2|23000:3|23000:4,23000,5
para-15304,15304,Trump says U.S. upholds and sticks to 'one China' policy: Xinhua,trump states u.s. upholds sticks 'one china' policy: xinhua,true,worldnews,15304:0,15304,1
para-16217,16217,German far-right party drops bid for journalists' private data,german far-right party drops attempt journalists' private data,true,worldnews,16217:0|16217:1|16217:2|16217:3,16217,4
para-27877,27877,Donald Trump Whines That Mitt Romney Was ‘Ungrateful’ For Trump Helping Him Lose The Election (VIDEO),donald trump whines that mitt romney was ungrateful trump helping him lose election,fake,News,27877:0|27877:1|27877:2|27877:3|27877:4|27877:5,27877,6
para-17433,17433,FACTBOX - German coalition watch: Agreeing on lowest common denominator not enough - Greens,factbox - german coalition watch: agreeing lowest common denominator not enough - greens,true,worldnews,17433:0|17433:1|17433:2|17433:3|17433:4|17433:5|17433:6|17433:7,17433,8
para-9166,9166,"Trump postpones New Hampshire rally over shooting, still plans major speech","trump postpones new hampshire rally regarding shooting, still plans major speech",true,politicsNews,9166:0,9166,1
para-4822,4822,"Iraq's PM, on U.S. visit, says wins assurances from Trump administration","iraq's pm, u.s. visit, states wins assurances from trump administration",true,politicsNews,4822:0,4822,1
para-12661,12661,Lebanon's Hariri denounces Iraqi Shi'ite paramilitary's visit to border,lebanon's hariri denounces iraqi shi'ite paramilitary's visit border,true,worldnews,12661:0|12661:1|12661:2|12661:3|12661:4,12661,5
para-17787,17787,North Korea hackers stole South Korea-U.S. military plans to wipe out North Korea leadership: lawmaker,north korea hackers stole south korea-u.s. military plans wipe out north korea leadership: lawmaker,true,worldnews,17787:0|17787:1|17787:2|17787:3|17787:4|17787:5,17787,6
para-32130,32130,Liberal #BillMaher Uses The “N-word” on Live TV…Will He Be “Kathy Griffined”? [Video],liberal #billmaher uses n-word live tv will he be kathy griffined,fake,politics,32130:0|32130:1,32130,2
para-9638,9638,"Treading cautiously, House's Ryan to meet Trump","treading cautiously, house's ryan meet trump",true,politicsNews,9638:0|9638:1|9638:2|9638:3|9638:4|9638:5|9638:6,9638,7
para-12171,12171,Tillerson: No preconditions for North Korea talks,tillerson: no preconditions north korea discussions,true,worldnews,12171:0,12171,1
para-2513,2513,"France says U.S. sanctions on Iran, Russia look illegal","france states u.s. sanctions iran, russia look illegal",true,politicsNews,2513:0,2513,1
para-833,833,Sister of NY attack suspect says he may have been brainwashed; appeals to Trump,sister ny attack suspect states he may have been brainwashed; appeals trump,true,politicsNews,833:0|833:1|833:2|833:3|833:4,833,5
para-42370,42370,WATCH: Shocking Number Of Swedish Citizens WALK BY GIRL BEING RAPED By “Middle Eastern Man” In Car [VIDEO],shocking number swedish citizens walk by girl being raped by middle eastern man car,fake,left-news,42370:0|42370:1|42370:2|42370:3,42370,4
para-24518,24518,Sean Hannity Too Stupid To Know He Retweeted Anti-Trump Post; Twitter Hilariously Let Him Know,sean hannity too stupid know he retweeted anti-trump post; twitter hilariously let him know,fake,News,24518:0|24518:1|24518:2|24518:3,24518,4
para-10924,10924,Clinton campaign denies staffing changes in works,clinton campaign denies staffing changes works,true,politicsNews,10924:0|10924:1|10924:2,10924,3
para-3885,3885,"Rice chides Trump for criticism of judges, media","rice chides trump criticism judges, media",true,politicsNews,3885:0|3885:1|3885:2|3885:3|3885:4|3885:5,3885,6
para-16553,16553,"Three killed, one missing after torrential rains in Bulgaria","three killed, one missing following torrential rains bulgaria",true,worldnews,16553:0,16553,1
para-28571,28571,Donald Trump Has Lowest Favorability Rating Of Any Candidate In Documented History,donald trump has lowest favorability rating any candidate documented history,fake,News,28571:0|28571:1|28571:2|28571:3,28571,4
para-23285,23285,Russia Probe’s New Leader Disqualified Himself MONTHS Ago With One IDIOTIC Statement,russia investigation s new leader disqualified himself months ago with one idiotic statement,fake,News,23285:0|23285:1|23285:2|23285:3,23285,4
para-31358,31358,HILLARY TWEETS MESSAGE In Defense Of DACA…OOPS! 2014 VIDEO Of Hillary EMERGES Saying Illegal Kids Should Be Sent Back,hillary tweets message defense daca oops 2014 video hillary emerges saying illegal kids should be sent back,fake,politics,31358:0|31358:1|31358:2|31358:3,31358,4
para-27599,27599,‘Christian’ Dad Forced 14-Year-Old Daughter To Marry MUCH Older Rapist Who Impregnated Her (VIDEO),christian dad forced 14-year-old daughter marry much older rapist who impregnated her,fake,News,27599:0|27599:1|27599:2|27599:3|27599:4,27599,5
para-5238,5238,Pentagon delivers draft plan to defeat Islamic State to White House,pentagon delivers draft plan defeat islamic state white house,true,politicsNews,5238:0|5238:1|5238:2|5238:3,5238,4
para-12217,12217,Thyssenkrupp has offered help to Argentina over disappeared submarine,thyssenkrupp has offered help argentina regarding disappeared submarine,true,worldnews,12217:0|12217:1,12217,2
para-41116,41116,BREAKING: FINALLY! New Wikileaks Email…”We are going to have to dump all those emails”,finally new wikileaks email we are going have dump all those emails,fake,left-news,41116:0|41116:1|41116:2|41116:3|41116:4|41116:5|41116:6,41116,7
para-42957,42957,BLACK ESPN SPORTS ANNOUNCER GOES OFF ON DIVISIVE LEFTIST NARRATIVE: “So what are we saying…That black lives matter only when we’re killed by somebody who’s not black?”,black espn sports announcer goes off divisive leftist narrative: so what are we saying that black lives matter only when we re killed by somebody who s not black,fake,left-news,42957:0|42957:1|42957:2|42957:3|42957:4|42957:5,42957,6
para-43558,43558,Assange: ‘Trump in Conflict with CIA Over Syria Policy’,assange: trump conflict with cia regarding syria policy,fake,US_News,43558:0,43558,1
para-36102,36102,“HILLARY WILL BE INDICTED”,Coverage of hillary will be indicted,fake,politics,36102:0|36102:1|36102:2,36102,3
para-30135,30135,Bigoted GOPer Calls Obama ‘The Most Racially-Divisive President’ Since The Civil War (AUDIO),bigoted goper urges obama most racially-divisive president since civil war (audio),fake,News,30135:0|30135:1|30135:2|30135:3,30135,4
para-6033,6033,White House pledges aid to help Chicago quell violence,white house pledges aid help chicago quell violence,true,politicsNews,6033:0|6033:1|6033:2|6033:3,6033,4
para-17938,17938,Sri Lanka arrests two over hacking of Taiwan bank accounts,sri lanka arrests two regarding hacking taiwan bank accounts,true,worldnews,17938:0|17938:1|17938:2,17938,3
para-18504,18504,U.S. urges EU hopeful Albania to get tough with 'big fish' of crime,u.s. calls on eu hopeful albania get tough with 'big fish' crime,true,worldnews,18504:0|18504:1|18504:2,18504,3
para-37890,37890,JUDGE JEANINE IS FURIOUS! “Hillary Won’t Stop Lying!” [VIDEO],judge jeanine is furious hillary won t stop lying,fake,Government News,37890:0,37890,1
para-19237,19237,"Facing far-right gains, Merkel, Schulz urge undecided Germans to vote","facing far-right gains, merkel, schulz urge undecided germans vote",true,worldnews,19237:0|19237:1|19237:2|19237:3|19237:4|19237:5|19237:6|19237:7,19237,8
para-25102,25102,Harvard Law Professor Calls For Electoral College To Dump Trump,harvard law professor urges electoral college dump trump,fake,News,25102:0|25102:1|25102:2|25102:3|25102:4,25102,5
para-1195,1195,"Instead of U.S. midterms, Sanders focuses on smaller races","instead u.s. midterms, sanders focuses smaller races",true,politicsNews,1195:0|1195:1|1195:2|1195:3|1195:4|1195:5,1195,6
para-37909,37909,ALL WHITES IN BACK…Democrats Prove Their Obsession With Race In One RIDICULOUS Photo,all whites back democrats prove their obsession with race one ridiculous photo,fake,Government News,37909:0|37909:1,37909,2
para-17417,17417,"Kenyan opposition leader Odinga, who withdrew from vote re-run, calls for protests","kenyan opposition leader odinga, who withdrew from vote re-run, urges protests",true,worldnews,17417:0|17417:1|17417:2|17417:3,17417,4
para-5073,5073,Trump to nominate Francisco as U.S. solicitor general,trump nominate francisco as u.s. solicitor general,true,politicsNews,5073:0|5073:1|5073:2,5073,3
para-17749,17749,Moscow may demand U.S. cut diplomatic staff in Russia to 300 or below: RIA,moscow may demand u.s. cut diplomatic staff russia 300 below: ria,true,worldnews,17749:0|17749:1|17749:2,17749,3
para-17640,17640,Factbox: Italy's new electoral law offers a mix of systems,factbox: italy's new electoral law offers mix systems,true,worldnews,17640:0|17640:1|17640:2|17640:3,17640,4
para-43571,43571,Trump Was Right: Latest Arrests Prove Threats to Jewish Centers in US Were False Flags,trump was right: latest arrests prove threats jewish centers us were false flags,fake,US_News,43571:0|43571:1|43571:2|43571:3|43571:4|43571:5|43571:6|43571:7|43571:8|43571:9|43571:10|43571:11|43571:12|43571:13,43571,14
para-8649,8649,Sanders says would prefer Elizabeth Warren over Kaine as vice presidential pick,sanders states would prefer elizabeth warren regarding kaine as vice presidential pick,true,politicsNews,8649:0,8649,1
para-38152,38152,WATCH CONSERVATIVE HOTTIE TOMI LAHREN Go Head To Head With Pro-Black Panther Activist [Video],conservative hottie tomi lahren go head head with pro-black panther activist,fake,Government News,38152:0,38152,1
para-8801,8801,"Sanders could endorse Clinton's White House bid, but some divisions linger","Reports concerning sanders could endorse clinton's white house bid, but some divisions linger",true,politicsNews,8801:0|8801:1|8801:2|8801:3|8801:4|8801:5|8801:6,8801,7
para-6919,6919,U.S. defense elite rally behind Trump's unusual Pentagon pick,Reports concerning u.s. defense elite rally behind trump's unusual pentagon pick,true,politicsNews,6919:0|6919:1|6919:2|6919:3|6919:4|6919:5|6919:6,6919,7
para-7004,7004,Federal judges order North Carolina to redraw legislative districts,federal judges order north carolina redraw legislative districts,true,politicsNews,7004:0|7004:1|7004:2|7004:3,7004,4
para-35814,35814,HOW REPUBLICAN LEADERS Are Willing To Sacrifice White House To STOP TRUMP,how republican leaders are willing sacrifice white house stop trump,fake,politics,35814:0|35814:1|35814:2|35814:3|35814:4|35814:5,35814,6
para-5339,5339,"Pence says 'disappointed' over Flynn, supported resignation","pence states 'disappointed' regarding flynn, supported resignation",true,politicsNews,5339:0,5339,1
para-15758,15758,Kosovo calls for inquiry after citizens jailed in Macedonia,kosovo urges inquiry following citizens jailed macedonia,true,worldnews,15758:0|15758:1|15758:2|15758:3,15758,4
para-2415,2415,Trump threatens to end insurance payments if no healthcare bill,trump threatens end insurance payments if no healthcare bill,true,politicsNews,2415:0|2415:1|2415:2|2415:3|2415:4|2415:5|2415:6,2415,7
para-10677,10677,Spy agencies say Clinton emails closely matched top secret documents: sources,spy agencies say clinton emails closely matched top secret documents,true,politicsNews,10677:0|10677:1|10677:2|10677:3|10677:4|10677:5|10677:6,10677,7
para-29145,29145,Veteran Newsman Ted Koppel Scorches O’Reilly: You Spent 20 Years Making The News Dumber (VIDEO),veteran newsman ted koppel scorches o reilly: you spent 20 years making news dumber,fake,News,29145:0|29145:1|29145:2|29145:3|29145:4,29145,5
para-13253,13253,Qatari emir to attend Gulf summit despite row: foreign minister,qatari emir attend gulf summit despite row: foreign minister,true,worldnews,13253:0|13253:1,13253,2
para-8140,8140,"Trump could lose a few pounds, but otherwise healthy: adviser","trump could lose few pounds, but otherwise healthy: adviser",true,politicsNews,8140:0|8140:1|8140:2,8140,3
para-24431,24431,"Arizona GOP Poised To Ban Social Justice Classes, Events, And Lectures In Public Schools","arizona gop poised ban social justice classes, events, lectures public schools",fake,News,24431:0|24431:1|24431:2|24431:3|24431:4|24431:5,24431,6
para-18704,18704,"U.S. military aircraft crashes in Syria, injuring two: officials","u.s. military aircraft crashes syria, injuring two",true,worldnews,18704:0,18704,1
para-44812,44812,Microsoft Pulls New A.I. Robot After It Went on Pro-Hitler Twitter Rant,microsoft pulls new a.i. robot following it went pro-hitler twitter rant,fake,Middle-east,44812:0|44812:1,44812,2
para-1905,1905,"Ship traffic could resume Tuesday at Port Arthur, Texas: U.S. Coast Guard","Coverage of ship traffic could resume tuesday at port arthur, texas: u.s. coast guard",true,politicsNews,1905:0|1905:1|1905:2,1905,3
para-44796,44796,SUNDAY SCREENING: ‘The War On Democracy’,sunday screening: war democracy,fake,Middle-east,44796:0|44796:1,44796,2
para-41494,41494,WATCH: HARRY REID Caught Calling Benghazi Mother “Crazy”,harry reid caught calling benghazi mother crazy,fake,left-news,41494:0|41494:1,41494,2
para-14287,14287,UK PM May says believes Northern Irish accord possible; wants more talks,uk pm may states believes northern irish accord possible; wants more discussions,true,worldnews,14287:0,14287,1
para-19047,19047,"Exclusive: Mexico unlikely to find more quake survivors, emergency chief says","mexico unlikely find more quake survivors, emergency chief states",true,worldnews,19047:0|19047:1|19047:2|19047:3,19047,4
para-39576,39576,"BREAKING: CAR PLOWS INTO #Charlottesville Protesters…Several Injured, Some Injuries Are Reportedly Life Threatening [VIDEO]","car plows into #charlottesville protesters several injured, some injuries are reportedly life threatening",fake,left-news,39576:0|39576:1|39576:2|39576:3|39576:4|39576:5|39576:6|39576:7|39576:8,39576,9
para-27267,27267,The Boston Globe Releases Powerful Cover With This Simple Demand (IMAGE),boston globe releases powerful cover with this simple demand,fake,News,27267:0|27267:1|27267:2|27267:3,27267,4
para-7841,7841,Clinton aides sought to minimize fallout with White House on Keystone: emails,clinton aides sought minimize fallout with white house keystone: emails,true,politicsNews,7841:0|7841:1|7841:2|7841:3|7841:4|7841:5|7841:6|7841:7,7841,8
para-19911,19911,North Korea says goal is 'equilibrium' with U.S. after testing Hwasong-12 missile: KCNA,north korea states goal is 'equilibrium' with u.s. following testing hwasong-12 missile: kcna,true,worldnews,19911:0,19911,1
para-15066,15066,Head of East Africa's regional bloc condemns ICC Burundi investigation,head east africa's regional bloc condemns icc burundi investigation,true,worldnews,15066:0|15066:1|15066:2|15066:3,15066,4
para-14832,14832,EU Parliament names press room after murdered Maltese journalist,eu parliament names press room following murdered maltese journalist,true,worldnews,14832:0|14832:1|14832:2,14832,3
para-44115,44115,The White House and The Theatrics of ‘Gun Control’,white house theatrics gun control,fake,US_News,44115:0|44115:1|44115:2|44115:3|44115:4|44115:5|44115:6|44115:7|44115:8|44115:9|44115:10|44115:11,44115,12
para-49,49,Spy chiefs pressure Congress to renew expiring surveillance law,spy chiefs pressure congress renew expiring surveillance law,true,politicsNews,49:0|49:1|49:2|49:3,49,4
para-12288,12288,"Defiant Syrian envoy blames West, Saudis and U.N. as peace talks end","defiant syrian envoy blames west, saudis u.n. as peace discussions end",true,worldnews,12288:0|12288:1|12288:2|12288:3,12288,4
para-17211,17211,Kurds abandon territory in the face of Iraq government advance,kurds abandon territory face iraq government advance,true,worldnews,17211:0|17211:1|17211:2|17211:3|17211:4|17211:5|17211:6|17211:7|17211:8|17211:9|17211:10|17211:11,17211,12
para-3645,3645,Former FBI chief Comey postpones testimony before House committee,former fbi chief comey postpones testimony ahead house committee,true,politicsNews,3645:0|3645:1,3645,2
para-16807,16807,Roadside bomb kills seven outside Somali capital Mogadishu,Coverage of roadside bomb kills seven outside somali capital mogadishu,true,worldnews,16807:0|16807:1|16807:2,16807,3
para-38169,38169,MICHELLE AND BARACK OBAMA Had Time For This “Circus” But No Time For Justice Scalia? [Video],michelle barack obama had time this circus but no time justice scalia,fake,Government News,38169:0,38169,1
para-15260,15260,"Saudi king appoints 30 judges, promotes 26 amid anti-graft purge","saudi king appoints 30 judges, promotes 26 during anti-graft purge",true,worldnews,15260:0|15260:1,15260,2
para-31731,31731,"AS ANGRY FAR LEFT PROTESTERS Scream ‘Kill the Bill’, Senator John McCain Returns to Deliver Stunning Speech [Video]","as angry far left protesters scream kill bill , senator john mccain returns deliver stunning speech",fake,politics,31731:0|31731:1|31731:2,31731,3
para-27050,27050,BUSTED: Here’s The Proof Trump Doesn’t Have As Much Money As He Says He Does,busted: here s proof trump doesn t have as much money as he states he does,fake,News,27050:0|27050:1|27050:2|27050:3|27050:4,27050,5
para-3193,3193,Trump to name Republican donor Kelly Craft as ambassador to Canada: official,trump name republican donor kelly craft as ambassador canada,true,politicsNews,3193:0,3193,1
para-10835,10835,Trump would tax Carrier air conditioning units for moving to Mexico,trump would tax carrier air conditioning units moving mexico,true,politicsNews,10835:0|10835:1|10835:2,10835,3
para-19819,19819,"Peru's Kuczynski swears in new Cabinet, opposition signals support","peru's kuczynski swears new cabinet, opposition signals support",true,worldnews,19819:0|19819:1|19819:2|19819:3,19819,4
para-14030,14030,Russia likely to reduce forces in Syria before year-end -general,russia likely reduce forces syria ahead year-end -general,true,worldnews,14030:0,14030,1
para-29337,29337,TN Lawmakers Got Big Money To Approve 279 Percent Interest Rate Loans (VIDEO),tn lawmakers got big money approve 279 percent interest rate loans,fake,News,29337:0|29337:1|29337:2|29337:3|29337:4|29337:5,29337,6
para-18485,18485,At least 17 killed in Cameroon separatist clashes: Amnesty,at least 17 killed cameroon separatist clashes: amnesty,true,worldnews,18485:0|18485:1|18485:2|18485:3,18485,4
para-26472,26472,WATCH: Brian Stelter Slams Sean Hannity For His Disturbing Lies About Hillary Clinton (VIDEO),brian stelter criticizes sean hannity his disturbing lies about hillary clinton,fake,News,26472:0|26472:1|26472:2|26472:3,26472,4
para-38158,38158,ATHEISTS SUE GOVERNOR OF TEXAS Over Display on Capitol Grounds,atheists sue governor texas regarding display capitol grounds,fake,Government News,38158:0|38158:1|38158:2,38158,3
para-36883,36883,THE LIST OF WHO’S WHO TAKING ADVANTAGE OF FAILED EU AUSTERITY EXPERIMENT IN GREECE,list who s who taking advantage failed eu austerity experiment greece,fake,politics,36883:0|36883:1|36883:2|36883:3|36883:4|36883:5|36883:6,36883,7
para-25490,25490,Reince Priebus Does WEIRD Balancing Act Regarding Trump’s ‘Rigged Election’ Talk,What happened with reince priebus does weird balancing act regarding trump s rigged election talk,fake,News,25490:0|25490:1|25490:2|25490:3,25490,4
para-44141,44141,Repeat Deceit: How US Tries to Link Iran to Al Qaeda,repeat deceit: how us tries link iran al qaeda,fake,Middle-east,44141:0|44141:1|44141:2|44141:3|44141:4|44141:5|44141:6|44141:7|44141:8|44141:9|44141:10|44141:11|44141:12|44141:13|44141:14|44141:15|44141:16|44141:17,44141,18
para-15899,15899,Liberia's Supreme Court halts election preparation over fraud accusations,liberia's supreme court halts election preparation regarding fraud accusations,true,worldnews,15899:0|15899:1|15899:2|15899:3|15899:4|15899:5,15899,6
para-30451,30451,Christian Fundamentalist A**hole Leaves Waiter A Dirty Trick For A Tip (IMAGES),christian fundamentalist a**hole leaves waiter dirty trick tip,fake,News,30451:0|30451:1|30451:2|30451:3,30451,4
para-6421,6421,Trump calls Russia reports 'fake news - a total political witch hunt',trump urges russia reports 'fake news - total political witch hunt',true,politicsNews,6421:0,6421,1
para-30364,30364,FL Toddler Shoots Himself In The Face After ‘Responsible Gun Owner’ Leaves Weapon In Truck (VIDEO),fl toddler shoots himself face following responsible gun owner leaves weapon truck,fake,News,30364:0|30364:1|30364:2,30364,3
para-32316,32316,PRICELESS! Trump Asks Teens How They Came Up With Project Name ‘Trump’…You’ll Love The Answer! [Video],priceless trump asks teens how they came up with project name trump you ll love answer,fake,politics,32316:0|32316:1|32316:2,32316,3
para-43870,43870,"Yahoo caves in to NSA, FBI – and secretly monitors customer email accounts for US Gov’t","yahoo caves nsa, fbi – secretly monitors customer email accounts us gov t",fake,US_News,43870:0|43870:1|43870:2|43870:3|43870:4|43870:5,43870,6
para-1165,1165,Trump does not support Alexander-Murray healthcare bill: White House,trump does not support alexander-murray healthcare bill,true,politicsNews,1165:0,1165,1
para-12439,12439,Philippine lawmakers approve one-yr extension of martial law in south,philippine lawmakers approve one-yr extension martial law south,true,worldnews,12439:0,12439,1
para-10232,10232,Gundlach sees Donald Trump nomination causing 'global growth scare',gundlach observes donald trump nomination causing 'global growth scare',true,politicsNews,10232:0|10232:1|10232:2|10232:3,10232,4
para-20754,20754,China lodges stern protest with South Korea over THAAD deployment,china lodges stern protest with south korea regarding thaad deployment,true,worldnews,20754:0,20754,1
para-30047,30047,"Numbskull Republican Ignores History, Says Reagan Would NEVER Negotiate With Iran","numbskull republican ignores history, states reagan would never negotiate with iran",fake,News,30047:0|30047:1|30047:2|30047:3,30047,4
para-9571,9571,Top Democrat says Puerto Rico bill could come early as Thursday,top democrat states puerto rico bill could come early as thursday,true,politicsNews,9571:0,9571,1
para-32612,32612,"BRITAIN’S THERESA MAY Refuses To Wear Headscarf On Saudi Arabia Visit…Media Compares Her Bravery To Hillary, Michelle Obama…But We Have Pictures That Tell A Different Story","britain s theresa may refuses wear headscarf saudi arabia visit media compares her bravery hillary, michelle obama but we have pictures that tell different story",fake,politics,32612:0|32612:1|32612:2|32612:3,32612,4
para-29120,29120,The Daily Show Destroys Republican Claims That Democrats Are The Real Racists (VIDEO),daily show destroys republican claims that democrats are real racists,fake,News,29120:0|29120:1|29120:2|29120:3|29120:4|29120:5,29120,6
para-26020,26020,WATCH: These White Trump Supporters Call Black People Lazy And Then Get Their A**es Handed To Them,these white trump supporters call black people lazy then get their a**es handed them,fake,News,26020:0|26020:1|26020:2|26020:3,26020,4
para-24046,24046,McConnell’s Senate Floor Sexism Just Gave Us The Best Protest Cry Yet (TWEETS),mcconnell s senate floor sexism just gave us best protest cry yet (tweets),fake,News,24046:0|24046:1|24046:2|24046:3|24046:4,24046,5
para-19549,19549,U.N. peacekeepers pressed to do more with less as further cuts loom,u.n. peacekeepers pressed do more with less as further cuts loom,true,worldnews,19549:0|19549:1|19549:2|19549:3|19549:4|19549:5|19549:6|19549:7|19549:8,19549,9
para-29130,29130,Donald Trump Humiliates Romney: He Would Have Dropped To His Knees To Get My Support (VIDEO),donald trump humiliates romney: he would have dropped his knees get my support,fake,News,29130:0|29130:1|29130:2|29130:3,29130,4
para-8694,8694,Trump staff writer takes responsibility for Melania speech controversy,trump staff writer takes responsibility melania speech controversy,true,politicsNews,8694:0,8694,1
para-30545,30545,WHY OBAMA’S CORRUPT INNER CIRCLE Is Desperately Fighting To Protect His Failed Reputation,why obama s corrupt inner circle is desperately fighting protect his failed reputation,fake,politics,30545:0|30545:1|30545:2|30545:3|30545:4|30545:5|30545:6|30545:7|30545:8|30545:9|30545:10|30545:11|30545:12,30545,13
para-6734,6734,Senate panel plans hearing on Russia hacking in January: spokeswoman,senate panel plans hearing russia hacking january: spokeswoman,true,politicsNews,6734:0,6734,1
para-19708,19708,China says North Korea nuclear issue must be resolved peacefully,china states north korea nuclear issue must be resolved peacefully,true,worldnews,19708:0|19708:1|19708:2,19708,3
para-25302,25302,WTF: There’s A ‘Make America Great Again’ Hat In A Museum Case At Trump’s Election Venue (IMAGE),wtf: there s make america great again hat museum case at trump s election venue,fake,News,25302:0|25302:1,25302,2
para-23758,23758,House GOP Puts DISGUSTING Restriction On Who’s Allowed To See Their New Healthcare Plan,house gop puts disgusting restriction who s allowed see their new healthcare plan,fake,News,23758:0|23758:1|23758:2|23758:3|23758:4,23758,5
para-24054,24054,Donald Trump Vote Broke Up This Couple’s Marriage,Coverage of donald trump vote broke up this couple s marriage,fake,News,24054:0|24054:1|24054:2,24054,3
para-6801,6801,Country star Garth Brooks in talks for Trump inaugural celebrations,country star garth brooks discussions trump inaugural celebrations,true,politicsNews,6801:0|6801:1|6801:2|6801:3,6801,4
para-34093,34093,"CATHOLICS SHOULD BE Singing Donald Trump’s Praises After He Boldly Defended Life, While Hillary Was Forced To Admit Support For Barbaric Partial-Birth Abortion","catholics should be singing donald trump s praises following he boldly defended life, while hillary was forced admit support barbaric partial-birth abortion",fake,politics,34093:0|34093:1|34093:2|34093:3|34093:4|34093:5,34093,6
para-27582,27582,Rosie O’Donnell Just CRUSHED What Was Left Of ‘Sh*tstain’ Donald Trump’s Pride (VIDEO),rosie o donnell just crushed what was left sh*tstain donald trump s pride,fake,News,27582:0|27582:1|27582:2|27582:3,27582,4
para-5249,5249,Trump's pick for Navy secretary withdraws,trump's pick navy secretary withdraws,true,politicsNews,5249:0|5249:1,5249,2
para-31100,31100,LOL! GEORGE LOPEZ Booed Off Stage At Children’s Diabetes Charity After Audience Rejects His Anti-Trump Jokes,lol george lopez booed off stage at children s diabetes charity following audience rejects his anti-trump jokes,fake,politics,31100:0|31100:1|31100:2|31100:3,31100,4
para-21856,21856,"Despicable Trump Announces An End To DACA, Will Kick 800,000 Kids Out","despicable trump announces end daca, will kick 800,000 kids out",fake,News,21856:0|21856:1|21856:2|21856:3,21856,4
para-1290,1290,U.S. lawmakers propose making it easier to meet auto fuel rules,u.s. lawmakers propose making it easier meet auto fuel rules,true,politicsNews,1290:0|1290:1|1290:2|1290:3,1290,4
para-9104,9104,'Lone hacker' claims responsibility for cyber attack on Democrats,'lone hacker' claims responsibility cyber attack democrats,true,politicsNews,9104:0|9104:1|9104:2,9104,3
para-20153,20153,Factbox: About 4.2 million still without power in U.S. Southeast after Irma,factbox: about 4.2 million still without power u.s. southeast following irma,true,worldnews,20153:0|20153:1|20153:2,20153,3
para-5151,5151,Trump's 'bromance' with Russia's Putin appears to be cooling,trump's 'bromance' with russia's putin appears be cooling,true,politicsNews,5151:0|5151:1|5151:2|5151:3|5151:4|5151:5|5151:6|5151:7|5151:8|5151:9,5151,10
para-43203,43203,(VIDEO) BALTIMORE MAYOR REOPENS LOOTED MALL: TELLS VENDORS THEY’RE MAKING A “GREAT INVESTMENT” BY STAYING,(video) baltimore mayor reopens looted mall: tells vendors they re making great investment by staying,fake,left-news,43203:0,43203,1
para-6065,6065,Crowd controversy: The making of an Inauguration Day photo,crowd controversy: making inauguration day photo,true,politicsNews,6065:0|6065:1|6065:2|6065:3|6065:4,6065,5
para-3004,3004,Senate to push ahead with healthcare vote this week: NBC,senate push ahead with healthcare vote this week: nbc,true,politicsNews,3004:0,3004,1
para-24077,24077,CNN HAMMERS Kellyanne Conway For Lying About Them As Network Considers Permanent Ban,cnn hammers kellyanne conway lying about them as network considers permanent ban,fake,News,24077:0|24077:1|24077:2|24077:3|24077:4,24077,5
para-4933,4933,Trump economic adviser Powell to be named deputy national security adviser,trump economic adviser powell be named deputy national security adviser,true,politicsNews,4933:0,4933,1
para-3363,3363,Senators grill U.S. education secretary on proposal to slash budget,senators grill u.s. education secretary proposal slash budget,true,politicsNews,3363:0|3363:1|3363:2|3363:3|3363:4,3363,5
para-23649,23649,New GOP Bills Would Let Corporations Strip Away Our First Amendment Rights,What happened with new gop bills would let corporations strip away our first amendment rights,fake,News,23649:0|23649:1|23649:2|23649:3|23649:4|23649:5|23649:6,23649,7
para-20729,20729,Tanzanian minister quits after diamond mining investigation: state TV,tanzanian minister quits following diamond mining investigation: state tv,true,worldnews,20729:0,20729,1
para-22017,22017,BREAKING: FBI Carried Out Warrant On Republican Congressman (DETAILS),fbi carried out warrant republican congressman,fake,News,22017:0|22017:1|22017:2|22017:3,22017,4
para-9760,9760,"Hastert loses one Illinois pension, keeps another after sentencing","hastert loses one illinois pension, keeps another following sentencing",true,politicsNews,9760:0|9760:1|9760:2,9760,3
para-29835,29835,Koch Brothers Hold Dark Money Conference To Plot Election 2016 Dirty Tricks,koch brothers hold dark money conference plot election 2016 dirty tricks,fake,News,29835:0|29835:1|29835:2|29835:3,29835,4
para-6905,6905,"Carson to HUD: The agency that oversees public housing, federal mortgage programs","carson hud: agency that oversees public housing, federal mortgage programs",true,politicsNews,6905:0|6905:1,6905,2
para-29079,29079,Watch Donald Trump Go Full Fascist With This Weird Pledge (VIDEO),donald trump go full fascist with this weird pledge,fake,News,29079:0|29079:1|29079:2|29079:3|29079:4|29079:5,29079,6
para-663,663,Jurors in U.S. Senator's bribery trial told to keep talking,jurors u.s. senator's bribery trial told keep talking,true,politicsNews,663:0|663:1|663:2|663:3,663,4
para-21107,21107,Kenya opposition leader Odinga says he will not share power,kenya opposition leader odinga states he will not share power,true,worldnews,21107:0|21107:1|21107:2,21107,3
para-4733,4733,U.S. senators set bipartisan bill to tighten sanctions on Iran,u.s. senators set bipartisan bill tighten sanctions iran,true,politicsNews,4733:0|4733:1|4733:2|4733:3|4733:4,4733,5
para-13400,13400,UK MPs cast doubt on plan to avoid Ireland border after Brexit,uk mps cast doubt plan avoid ireland border following brexit,true,worldnews,13400:0|13400:1|13400:2|13400:3,13400,4
para-5654,5654,Trump's pick for Army secretary drops out,trump's pick army secretary drops out,true,politicsNews,5654:0,5654,1
para-21372,21372,U.N. calls for pause in air strikes to spare civilians in Syria's Raqqa,u.n. urges pause air strikes spare civilians syria's raqqa,true,worldnews,21372:0|21372:1|21372:2|21372:3,21372,4
para-27841,27841,"Trump Has A New Nickname For Bernie Sanders, But It Works Better On Him (TWEET)","trump has new nickname bernie sanders, but it works better him",fake,News,27841:0|27841:1|27841:2|27841:3,27841,4
para-29329,29329,Bill O’Reilly Makes Ben Carson Admit ‘It Would Take A Miracle’ To Win GOP Nomination (VIDEO),bill o reilly makes ben carson admit it would take miracle win gop nomination,fake,News,29329:0|29329:1|29329:2|29329:3|29329:4,29329,5
para-43720,43720,MEDIA TRIPWIRE? Ping Pong Pizza Conspiracy Propels Internet Censorship Amid ‘Fake News’ Witch-Hunt,media tripwire ping pong pizza conspiracy propels internet censorship during fake news witch-hunt,fake,US_News,43720:0|43720:1|43720:2|43720:3|43720:4|43720:5|43720:6|43720:7|43720:8|43720:9|43720:10|43720:11|43720:12|43720:13|43720:14|43720:15|43720:16|43720:17|43720:18|43720:19|43720:20|43720:21|43720:22|43720:23|43720:24|43720:25|43720:26|43720:27|43720:28|43720:29|43720:30|43720:31|43720:32|43720:33|43720:34|43720:35|43720:36|43720:37|43720:38|43720:39|43720:40|43720:41|43720:42|43720:43|43720:44|43720:45|43720:46|43720:47|43720:48|43720:49|43720:50|43720:51|43720:52|43720:53|43720:54|43720:55|43720:56|43720:57|43720:58|43720:59|43720:60|43720:61|43720:62|43720:63|43720:64|43720:65|43720:66|43720:67|43720:68|43720:69|43720:70|43720:71|43720:72|43720:73|43720:74|43720:75|43720:76|43720:77|43720:78|43720:79|43720:80|43720:81,43720,82
para-24885,24885,Former CIA Operative: The U.S. May Have To Vote Again (VIDEO),former cia operative: u.s. may have vote again,fake,News,24885:0|24885:1|24885:2|24885:3,24885,4
para-14064,14064,"Swiss pledge more funds for EU budget, progress on treaty","swiss pledge more funds eu budget, progress treaty",true,worldnews,14064:0|14064:1|14064:2|14064:3|14064:4|14064:5,14064,6
para-3772,3772,Top Senate Democrat calls on White House to release Trump-Russia meeting transcripts,top senate democrat urges white house release trump-russia meeting transcripts,true,politicsNews,3772:0,3772,1
para-8373,8373,Judge orders search of new Clinton emails for release by September 13,judge orders search new clinton emails release by september 13,true,politicsNews,8373:0|8373:1|8373:2|8373:3|8373:4,8373,5
para-451,451,UK PM May says Donald Trump was wrong to retweet far-right videos,uk pm may states donald trump was wrong retweet far-right videos,true,politicsNews,451:0,451,1
para-13747,13747,Russia seeks two-day ceasefire in Damascus suburb; dozens killed by air strikes,russia seeks two-day ceasefire damascus suburb; dozens killed by air strikes,true,worldnews,13747:0|13747:1|13747:2,13747,3
para-23673,23673,Muslim Internment Flyers SHOCK Students Of UC San Diego With Stark Warning,muslim internment flyers shock students uc san diego with stark warning,fake,News,23673:0|23673:1|23673:2,23673,3
para-24271,24271,Trump Targets Clean Water And Clean Air Regulations At Environmental Protection Agency,trump targets clean water clean air regulations at environmental protection agency,fake,News,24271:0|24271:1|24271:2|24271:3|24271:4|24271:5|24271:6,24271,7
para-14803,14803,"Russia attacked energy, telecom and media in Britain: government official","russia attacked energy, telecom media britain: government official",true,worldnews,14803:0|14803:1|14803:2,14803,3
para-7139,7139,"Obama, Putin talk about Syria and Ukraine in quick summit meet","obama, putin talk about syria ukraine quick summit meet",true,politicsNews,7139:0|7139:1|7139:2,7139,3
para-8559,8559,Democratic Party communications director expected to depart DNC amid hacking fallout,democratic party communications director expected depart dnc during hacking fallout,true,politicsNews,8559:0,8559,1
para-17452,17452,Hundreds of U.S. Marines leave Australia after troop rotation,hundreds u.s. marines leave australia following troop rotation,true,worldnews,17452:0|17452:1|17452:2,17452,3
para-2186,2186,U.S. auto safety advocacy group names Obama-era official to top post,u.s. auto safety advocacy group names obama-era official top post,true,politicsNews,2186:0,2186,1
para-31694,31694,BURN! NYT TAKES JAB AT FOX NEWS…Watch How FOX Got Even in a Big Way! [Video],burn nyt takes jab at fox news watch how fox got even big way,fake,politics,31694:0|31694:1|31694:2,31694,3
para-44440,44440,Trump Executive Order on Ethics Commitments Bans Lobbying for Executive Branch Employees,trump executive order ethics commitments bans lobbying executive branch employees,fake,Middle-east,44440:0|44440:1|44440:2|44440:3,44440,4
para-8917,8917,Panel's report reignites debate over Clinton and Benghazi,panel's report reignites debate regarding clinton benghazi,true,politicsNews,8917:0|8917:1|8917:2|8917:3|8917:4|8917:5|8917:6|8917:7|8917:8,8917,9
para-6357,6357,FBI investigated over pre-election decisions on Clinton email,fbi investigated regarding pre-election decisions clinton email,true,politicsNews,6357:0|6357:1|6357:2|6357:3|6357:4|6357:5|6357:6|6357:7,6357,8
para-38518,38518,Unreal! DOJ Paying Off Minnesota Muslims To NOT Be Terrorists,unreal doj paying off minnesota muslims not be terrorists,fake,Government News,38518:0|38518:1|38518:2|38518:3,38518,4
para-23589,23589,"Steve King Tries To Defend White Supremacist Tweet; He Just Made Things Much, Much Worse (VIDEO)","steve king tries defend white supremacist tweet; he just made things much, much worse",fake,News,23589:0|23589:1|23589:2,23589,3
para-33181,33181,BREAKING: PRESIDENT TRUMP MAKES HIS PICK For The Supreme Court,president trump makes his pick supreme court,fake,politics,33181:0|33181:1|33181:2,33181,3
para-19662,19662,Theft at burned London tower adds to police's grueling work,theft at burned london tower adds police's grueling work,true,worldnews,19662:0|19662:1|19662:2|19662:3|19662:4|19662:5|19662:6,19662,7
para-37156,37156,NY METS HONOR MURDERED COP BRIAN MOORE Who Planned To Take Girlfriend And Dad To Game Tonight,ny mets honor murdered cop brian moore who planned take girlfriend dad game tonight,fake,politics,37156:0|37156:1|37156:2|37156:3|37156:4,37156,5
para-34826,34826,LOL! Black Conservative DESTROYS “Current Day Slave” Elijah Cummings’ DNC Speech…”Boss Lady Gonna Be Proud Of You!”,lol black conservative destroys current day slave elijah cummings dnc speech boss lady gonna be proud you,fake,politics,34826:0,34826,1
para-43108,43108,BREAKING: ISIS SUPPORTERS THREATEN ARMED BIKERS “Freedom Of Speech” Rally…’We promise we will drink ur blood’ [VIDEO],isis supporters threaten armed bikers freedom speech rally we promise we will drink ur blood,fake,left-news,43108:0|43108:1|43108:2|43108:3,43108,4
para-18091,18091,U.S. Embassy in Saudi Arabia cautions citizens after unconfirmed reports of foiled attack in Jeddah,u.s. embassy saudi arabia cautions citizens following unconfirmed reports foiled attack jeddah,true,worldnews,18091:0,18091,1
para-16926,16926,Toxic firecracker haze darkens Indian capital after festival of lights,toxic firecracker haze darkens indian capital following festival lights,true,worldnews,16926:0|16926:1|16926:2|16926:3,16926,4
para-16639,16639,French judiciary creaking under weight of terrorism cases,french judiciary creaking under weight terrorism cases,true,worldnews,16639:0|16639:1|16639:2|16639:3|16639:4,16639,5
para-43629,43629,"FAKE NEWS WEEK: Truth, War Propaganda, CIA and Media Manipulation","fake news week: truth, war propaganda, cia media manipulation",fake,US_News,43629:0|43629:1|43629:2|43629:3|43629:4|43629:5|43629:6|43629:7|43629:8|43629:9|43629:10,43629,11
para-6208,6208,U.S. Treasury nominee says would enforce all Russia sanctions,u.s. treasury nominee states would enforce all russia sanctions,true,politicsNews,6208:0,6208,1
para-1071,1071,U.S. weighs calling Myanmar's Rohingya crisis 'ethnic cleansing',Reports concerning u.s. weighs calling myanmar's rohingya crisis 'ethnic cleansing',true,politicsNews,1071:0|1071:1|1071:2|1071:3|1071:4,1071,5
para-18359,18359,British PM May's voice repeatedly fails in keynote speech,british pm may's voice repeatedly fails keynote speech,true,worldnews,18359:0,18359,1
para-29616,29616,Trump Brags About His HUGE Tax Return: ‘I Fight Like Hell Not To Pay’ Taxes (VIDEO),trump brags about his huge tax return: i fight like hell not pay taxes,fake,News,29616:0|29616:1|29616:2|29616:3,29616,4
para-13825,13825,Cuba holds municipal elections on road to Castro era’s end,cuba holds municipal elections road castro era s end,true,worldnews,13825:0|13825:1|13825:2|13825:3|13825:4,13825,5
para-21062,21062,U.S.-backed Syrian forces seize Raqqa mosque: coalition,What happened with u.s.-backed syrian forces seize raqqa mosque: coalition,true,worldnews,21062:0|21062:1|21062:2,21062,3
para-4758,4758,State Department misses deadline to manage email records electronically,state department misses deadline manage email records electronically,true,politicsNews,4758:0|4758:1|4758:2|4758:3,4758,4
para-44520,44520,Is Democratic Party Attempting a ‘Soft Coup’? Efforts Underway to Hijack Electoral College Vote…,is democratic party attempting soft coup efforts underway hijack electoral college vote,fake,Middle-east,44520:0|44520:1|44520:2|44520:3|44520:4|44520:5|44520:6,44520,7
para-33208,33208,WORKING CLASS REVOLT! OLD SCHOOL JERSEY PATRIOTS Let The Liberals and Hollywood Have It! [VIDEO],working class revolt old school jersey patriots let liberals hollywood have it,fake,politics,33208:0,33208,1
para-28555,28555,Fact Checkers Clear Hillary Of ‘Big Oil Bribes’,fact checkers clear hillary big oil bribes,fake,News,28555:0|28555:1|28555:2|28555:3|28555:4|28555:5|28555:6,28555,7
para-18304,18304,Mexico plans aid for Puerto Rico after Hurricane Maria,mexico plans aid puerto rico following hurricane maria,true,worldnews,18304:0|18304:1|18304:2,18304,3
para-15468,15468,Islamic State claims attack on TV station in Afghan capital,islamic state claims attack tv station afghan capital,true,worldnews,15468:0|15468:1|15468:2|15468:3|15468:4,15468,5
para-10618,10618,Two former presidents of Mexico compare Trump to Hitler,two former presidents mexico compare trump hitler,true,politicsNews,10618:0|10618:1,10618,2
para-7626,7626,White House says FBI director not trying to influence election,white house states fbi director not trying influence election,true,politicsNews,7626:0,7626,1
para-10185,10185,Clinton: More Europe can do to help U.S. combat terrorism,clinton: more europe can do help u.s. combat terrorism,true,politicsNews,10185:0|10185:1|10185:2|10185:3,10185,4
para-13869,13869,Lebanon's Jumblatt calls for Saudi-Iranian discussions,lebanon's jumblatt urges saudi-iranian discussions,true,worldnews,13869:0|13869:1|13869:2|13869:3|13869:4,13869,5
para-10910,10910,Pentagon's No. 2 says cut in LCS ship program 'not an indictment',pentagon's no. 2 states cut lcs ship program 'not indictment',true,politicsNews,10910:0|10910:1,10910,2
para-32684,32684,TREY GOWDY ON SPYING ON AMERICAN CITIZENS…Like President Trump! [Video],trey gowdy spying american citizens like president trump,fake,politics,32684:0,32684,1
para-38130,38130,BREAKING…Internal Memo From OBAMA’S Corrupt EPA: FLINT NOT WORTH “Going Out On A Limb For”,internal memo from obama s corrupt epa: flint not worth going out limb,fake,Government News,38130:0|38130:1|38130:2,38130,3
para-44221,44221,AFGHANISTAN: Trump Surges Into the Graveyard of Empires,afghanistan: trump surges into graveyard empires,fake,Middle-east,44221:0|44221:1|44221:2|44221:3|44221:4|44221:5|44221:6|44221:7|44221:8|44221:9|44221:10|44221:11|44221:12|44221:13|44221:14|44221:15|44221:16|44221:17|44221:18|44221:19|44221:20|44221:21,44221,22
para-17580,17580,Teenager to stand trial in March over London bomb attack,teenager stand trial march regarding london bomb attack,true,worldnews,17580:0,17580,1
para-14271,14271,Russia says retreat of Syrian opposition figures good for peace,russia states retreat syrian opposition figures good peace,true,worldnews,14271:0|14271:1|14271:2|14271:3|14271:4,14271,5
para-34984,34984,MATT DAMON Says America Needs IMMEDIATE GUN BAN After Making $50 MILLION KILLING People With Guns In Popular Movie Series,matt damon states america requires immediate gun ban following making $50 million killing people with guns popular movie series,fake,politics,34984:0|34984:1,34984,2
para-35638,35638,BUSTED! ANTI-TRUMP PROTESTERS Paid To Stir Up Violence At Trump Events,busted anti-trump protesters paid stir up violence at trump events,fake,politics,35638:0|35638:1|35638:2|35638:3,35638,4
para-36525,36525,RABID PRO-AMNESTY LEGISLATOR Luis Gutiérrez On Paul Ryan For Speaker “He would work with Democrats in order to solve the problems of America” [VIDEO],rabid pro-amnesty legislator luis gutiérrez paul ryan speaker he would work with democrats order solve problems america,fake,politics,36525:0|36525:1|36525:2|36525:3|36525:4|36525:5,36525,6
para-43338,43338,‘Classified’ Emails from Hillary Clinton and Huma Abedin found on Anthony Weiner’s Laptop,classified emails from hillary clinton huma abedin found anthony weiner s laptop,fake,US_News,43338:0|43338:1|43338:2|43338:3|43338:4|43338:5|43338:6|43338:7|43338:8|43338:9,43338,10
para-31035,31035,Did Hillary Clinton REALLY Break Her Toe? [VIDEO],did hillary clinton really break her toe,fake,politics,31035:0|31035:1,31035,2
para-40225,40225,DINGBAT MAXINE WATERS Tells Islamic Society Republicans Trying To Prevent Sharia Law From Being Enforced In America Is “Contrary To American Values…Threatens National Security” [VIDEO],dingbat maxine waters tells islamic society republicans trying prevent sharia law from being enforced america is contrary american values threatens national security,fake,left-news,40225:0|40225:1|40225:2|40225:3|40225:4|40225:5|40225:6,40225,7
para-9974,9974,"U.S. presidential rivals Clinton, Sanders tied in support among Democrats: poll","u.s. presidential rivals clinton, sanders tied support among democrats",true,politicsNews,9974:0|9974:1,9974,2
para-7592,7592,Clinton holds slim lead over Trump in presidential race: polls,clinton holds slim lead regarding trump presidential race: polls,true,politicsNews,7592:0,7592,1
para-13485,13485,British minister hopes condemnation of Trump tweet has impact,british minister hopes condemnation trump tweet has impact,true,worldnews,13485:0,13485,1
para-44196,44196,SUNDAY SCREENING: Overpill (2017),What happened with sunday screening: overpill (2017),fake,Middle-east,44196:0|44196:1|44196:2,44196,3
para-40556,40556,TUCKER CARLSON Exposes Radical Middle School Teacher Who Organizes Violent Protesters To Shut Down Free Speech[VIDEO],tucker carlson exposes radical middle school teacher who organizes violent protesters shut down free speech,fake,left-news,40556:0|40556:1,40556,2
para-7599,7599,U.S. militia girds for trouble as presidential election nears,u.s. militia girds trouble as presidential election nears,true,politicsNews,7599:0|7599:1|7599:2|7599:3|7599:4|7599:5|7599:6|7599:7,7599,8
para-29893,29893,Whoopi Goldberg Opens Up A Can Of Whoop-A** On Trump (VIDEO),whoopi goldberg opens up can whoop-a** trump,fake,News,29893:0|29893:1|29893:2|29893:3,29893,4
para-37965,37965,GUN GRABBING PROGRESSIVES AND DUE PROCESS: Watch Trey Gowdy Grill Gov’t Thug On Due Process [Video],gun grabbing progressives due process: watch trey gowdy grill gov t thug due process,fake,Government News,37965:0|37965:1|37965:2|37965:3,37965,4
para-18527,18527,UK still hopeful of moving EU talks onto future ties: junior minister,uk still hopeful moving eu discussions onto future ties: junior minister,true,worldnews,18527:0|18527:1,18527,2
para-21913,21913,"Trump Wants It Both Ways, But You Can’t Pass The Most Bills If ‘They’ Won’t Let You Pass Bills","trump wants it both ways, but you can t pass most bills if they won t let you pass bills",fake,News,21913:0|21913:1|21913:2|21913:3|21913:4|21913:5|21913:6,21913,7
para-35288,35288,MAN THREATENS TO KILL TRUMP: Afraid Food Stamps Will Be Taken Away,man threatens kill trump: afraid food stamps will be taken away,fake,politics,35288:0,35288,1
para-32451,32451,UNREAL! NEW YORK TIMES Blames Conservatives For Berkeley Violence…Watch This Video For The Truth! [Video],unreal new york times blames conservatives berkeley violence watch this video truth,fake,politics,32451:0|32451:1|32451:2|32451:3|32451:4|32451:5|32451:6,32451,7
para-24228,24228,Trump Begins Day Of Diplomacy By Escalating Hot War With The Press (TWEETS),trump begins day diplomacy by escalating hot war with press (tweets),fake,News,24228:0|24228:1|24228:2|24228:3,24228,4
para-26441,26441,Tim Kaine: Trump ‘Unfit’ For Presidency Due To Blatant Disrespect Of Military (VIDEO),tim kaine: trump unfit presidency due blatant disrespect military,fake,News,26441:0|26441:1|26441:2|26441:3,26441,4
para-7412,7412,Republicans defend grip on U.S. Congress as Trump wins presidency,republicans defend grip u.s. congress as trump wins presidency,true,politicsNews,7412:0|7412:1|7412:2|7412:3|7412:4|7412:5|7412:6,7412,7
para-9913,9913,U.N. rights chief decries 'bigotry' in U.S. presidential race,u.n. rights chief decries 'bigotry' u.s. presidential race,true,politicsNews,9913:0|9913:1|9913:2|9913:3,9913,4
para-15500,15500,Chinese 'most-wanted' fugitive returns seven years after fleeing to Canada,chinese 'most-wanted' fugitive returns seven years following fleeing canada,true,worldnews,15500:0|15500:1,15500,2
para-14365,14365,SPD leader says voters must reassess German political situation,spd leader states voters must reassess german political situation,true,worldnews,14365:0,14365,1
para-3736,3736,Controversial Milwaukee County sheriff says taking U.S. Homeland Security post,controversial milwaukee county sheriff states taking u.s. homeland security post,true,politicsNews,3736:0|3736:1|3736:2|3736:3,3736,4
para-37605,37605,WATCH PRICELESS EXCHANGE Between Neil Gorsuch and Ben Sasse On The Role of The Declaration of Independence [Video],priceless exchange between neil gorsuch ben sasse role declaration independence,fake,Government News,37605:0,37605,1
para-5813,5813,A barb at Germany puts Trump administration on collision course with EU,barb at germany puts trump administration collision course with eu,true,politicsNews,5813:0|5813:1|5813:2|5813:3|5813:4|5813:5|5813:6|5813:7,5813,8
para-12741,12741,U.N. warns against any hasty returns of Rohingya to Myanmar,u.n. cautions versus any hasty returns rohingya myanmar,true,worldnews,12741:0|12741:1|12741:2|12741:3|12741:4,12741,5
para-41892,41892,"5-STAR MOOCH Tells Graduates: “Every Single Day, I Wake Up In A House That Was Built By Slaves” [VIDEO]","5-star mooch tells graduates: every single day, i wake up house that was built by slaves",fake,left-news,41892:0|41892:1,41892,2
para-43083,43083,AMAZING! JUDGE LYNN TOLER ON THE DEFINITION OF MANHOOD,amazing judge lynn toler definition manhood,fake,left-news,43083:0,43083,1
para-8526,8526,Factbox: Republican presidential candidate Trump's economic team,What happened with factbox: republican presidential candidate trump's economic team,true,politicsNews,8526:0|8526:1|8526:2|8526:3|8526:4|8526:5|8526:6|8526:7|8526:8|8526:9|8526:10,8526,11
para-43630,43630,BREAKING: Michael Flynn Resigns as Trump’s National Security Advisor,michael flynn resigns as trump s national security advisor,fake,US_News,43630:0|43630:1|43630:2|43630:3,43630,4
para-937,937,U.S. Senate Republicans want to speed Trump nominee approvals,u.s. senate republicans want speed trump nominee approvals,true,politicsNews,937:0|937:1|937:2|937:3,937,4
para-33259,33259,AWESOME! STREET ARTIST SABO TARGETS Hollywood Liberals With TRUMP ’24’ Spoof Posters,awesome street artist sabo targets hollywood liberals with trump 24 spoof posters,fake,politics,33259:0,33259,1
para-36068,36068,THIS INTERNATIONAL COMPANY Is Luring Refugees And Illegals To America…Do You Buy Meat From Them?,this international company is luring refugees illegals america do you buy meat from them,fake,politics,36068:0|36068:1|36068:2|36068:3,36068,4
para-29289,29289,"Michele Bachmann Goes Full Stupid, Questions If The Poor Should Be Allowed To Vote (SCREENSHOTS)","michele bachmann goes full stupid, questions if poor should be allowed vote (screenshots)",fake,News,29289:0|29289:1|29289:2,29289,3
para-22243,22243,Here Are 12 Tweets Trump DEFINITELY Regrets Sending,What happened with here are 12 tweets trump definitely regrets sending,fake,News,22243:0|22243:1|22243:2|22243:3|22243:4|22243:5|22243:6|22243:7|22243:8,22243,9
para-8522,8522,On the trail with Mike Pence: Putting out fires lit by Trump,trail with mike pence: putting out fires lit by trump,true,politicsNews,8522:0|8522:1|8522:2|8522:3|8522:4|8522:5|8522:6,8522,7
para-7833,7833,Sanders among five senators asking Obama to order Dakota pipeline review,sanders among five senators asking obama order dakota pipeline review,true,politicsNews,7833:0|7833:1|7833:2|7833:3|7833:4,7833,5
para-11923,11923,Britain joins U.S. in blaming North Korea for 'WannaCry' attack,britain joins u.s. blaming north korea 'wannacry' attack,true,worldnews,11923:0,11923,1
para-34802,34802,"WOW! WATCH Journalist Cassandra Fairbanks: “Why I, A Bernie Supporter Prefer Trump To Hillary Clinton”","wow watch journalist cassandra fairbanks: why i, bernie supporter prefer trump hillary clinton",fake,politics,34802:0,34802,1
para-21508,21508,That Time Trump Mocked Marco Rubio For Drinking Water Just Came Back To Haunt Him,that time trump mocked marco rubio drinking water just came back haunt him,fake,News,21508:0|21508:1|21508:2|21508:3|21508:4,21508,5
para-7735,7735,"Trump gains on Clinton despite furor over women, election comments","trump gains clinton despite furor regarding women, election comments",true,politicsNews,7735:0|7735:1|7735:2|7735:3|7735:4,7735,5
para-2228,2228,Reports suggest North Korea treating foreign detainees inhumanely: U.N.,Reports concerning reports suggest north korea treating foreign detainees inhumanely: u.n,true,politicsNews,2228:0|2228:1|2228:2|2228:3,2228,4
